Id,OrderId,ProductId,UnitPrice,Quantity
4848,872,64,30.00,1
4849,872,45,35.00,6
4850,872,29,86.00,5
4851,872,34,100.00,10
4852,872,66,83.00,8
4853,872,31,77.00,2
4854,873,36,61.00,8
4855,873,80,22.00,5
4856,873,25,85.00,10
4857,873,31,77.00,1
4858,873,23,51.00,9
4859,873,65,51.00,5
4860,873,79,90.00,1
4861,873,77,70.00,3
4862,873,25,85.00,1
4863,874,69,25.00,7
4864,874,22,76.00,8
4865,874,79,90.00,8
4866,874,59,64.00,3
4867,874,25,85.00,4
4868,874,65,51.00,2
4869,874,69,25.00,7
4870,874,28,90.00,1
4871,875,83,79.00,4
4872,875,69,25.00,8
4873,875,69,25.00,9
4874,875,24,58.00,7
4875,875,34,100.00,9
4876,875,83,79.00,3
4877,876,77,70.00,2
4878,876,45,35.00,10
4879,876,79,90.00,2
4880,876,65,51.00,3
4881,876,40,39.00,8
4882,876,33,23.00,9
4883,876,68,95.00,4
4884,877,31,77.00,5
4885,877,73,26.00,4
4886,877,43,12.00,3
4887,877,30,48.00,7
4888,877,36,61.00,9
4889,877,38,66.00,5
4890,877,40,39.00,8
4891,877,83,79.00,9
4892,878,37,70.00,5
4893,878,37,70.00,1
4894,878,78,61.00,7
4895,878,82,50.00,9
4896,878,66,83.00,1
4897,879,75,84.00,7
4898,879,73,26.00,4
4899,879,24,58.00,4
4900,879,81,80.00,2
4901,879,69,25.00,9
4902,879,67,34.00,7
4903,879,26,47.00,10
4904,879,79,90.00,8
4905,879,78,61.00,9
4906,880,77,70.00,3
4907,880,79,90.00,1
4908,880,45,35.00,8
4909,880,68,95.00,10
4910,880,83,79.00,8
4911,880,31,77.00,10
4912,880,77,70.00,5
4913,881,30,48.00,4
4914,881,30,48.00,9
4915,881,36,61.00,9
4916,881,25,85.00,7
4917,881,75,84.00,2
4918,881,84,39.00,4
4919,881,23,51.00,2
4920,881,32,37.00,1
